<?xml version="1.0" encoding="UTF-8"?>
<project xmlns="http://maven.apache.org/POM/4.0.0" xmlns:xsi="http://www.w3.org/2001/XMLSchema-instance"
	xsi:schemaLocation="http://maven.apache.org/POM/4.0.0">
	<modelVersion>4.0.0</modelVersion>

	<groupId>pandha.swe</groupId>
	<artifactId>localsharing</artifactId>
	<version>0.0.1-SNAPSHOT</version>
	<packaging>war</packaging>

	<name>localSharing</name>
	<description>Project for SWE</description>

	<parent>
		<groupId>org.springframework.boot</groupId>
		<artifactId>spring-boot-starter-parent</artifactId>
		<version>1.2.3.RELEASE</version>
		<relativePath /> <!-- lookup parent from repository -->
	</parent>

	<dependencies>
		<dependency>
			<groupId>org.springframework.boot</groupId>
			<artifactId>spring-boot-starter-web</artifactId>
		</dependency>
		<dependency>
			<groupId>org.springframework.boot</groupId>
			<artifactId>spring-boot-starter-thymeleaf</artifactId>
		</dependency>
		<dependency>
			<groupId>org.springframework.boot</groupId>
			<artifactId>spring-boot-starter-tomcat</artifactId>
			<scope>provided</scope>
		</dependency>
		<dependency>
			<groupId>org.springframework.boot</groupId>
			<artifactId>spring-boot-starter-test</artifactId>
			<scope>test</scope>
		</dependency>
		<dependency>
			<groupId>org.springframework.boot</groupId>
			<artifactId>spring-boot-starter-security</artifactId>
		</dependency>
		<dependency>
			<groupId>org.springframework.boot</groupId>
			<artifactId>spring-boot-starter-jdbc</artifactId>
		</dependency>
		<dependency>
			<groupId>org.springframework.boot</groupId>
			<artifactId>spring-boot-starter-batch</artifactId>
		</dependency>
		<dependency>
			<groupId>org.springframework.boot</groupId>
			<artifactId>spring-boot-starter-data-jpa</artifactId>
		</dependency>
		<dependency>
			<groupId>org.thymeleaf.extras</groupId>
			<artifactId>thymeleaf-extras-springsecurity3</artifactId>
		</dependency>
		<dependency>
			<groupId>com.h2database</groupId>
			<artifactId>h2</artifactId>
		</dependency>



		<!-- FileUpload -->
		<!-- Apache Commons Upload -->
		<dependency>
			<groupId>commons-fileupload</groupId>
			<artifactId>commons-fileupload</artifactId>
			<version>1.2.2</version>
		</dependency>

		<!-- Apache Commons Upload -->
		<dependency>
			<groupId>commons-io</groupId>
			<artifactId>commons-io</artifactId>
			<version>2.4</version>
		</dependency>


		<!-- Webjars -->
		<dependency>
			<groupId>org.webjars</groupId>
			<artifactId>bootstrap</artifactId>
			<version>3.2.0</version>
		</dependency>
		<dependency>
			<groupId>org.webjars</groupId>
			<artifactId>jquery</artifactId>
			<version>2.1.1</version>
		</dependency>
		<dependency>
			<groupId>org.webjars.bower</groupId>
			<artifactId>bootstrap-toggle</artifactId>
			<version>2.2.0</version>
		</dependency>
		<dependency>
			<groupId>org.webjars</groupId>
			<artifactId>bootstrap-slider</artifactId>
			<version>4.0.8</version>
		</dependency>

		<dependency>
			<groupId>org.scala-lang</groupId>
			<artifactId>scala-library</artifactId>
			<version>2.10.4</version>
		</dependency>

		<!-- Test Framework -->
		<dependency>
			<groupId>junit</groupId>
			<artifactId>junit</artifactId>
		</dependency>

		<dependency>
			<groupId>org.mockito</groupId>
			<artifactId>mockito-core</artifactId>
		</dependency>

		<dependency>
			<groupId>org.springframework</groupId>
			<artifactId>spring-test</artifactId>
			<scope>test</scope>
		</dependency>

		<dependency>
			<groupId>org.springframework</groupId>
			<artifactId>spring-test-mvc</artifactId>
			<version>1.0.0.M2</version>
			<scope>test</scope>
		</dependency>


		<!-- Gurke -->
		<dependency>
			<groupId>org.seleniumhq.selenium</groupId>
			<artifactId>selenium-firefox-driver</artifactId>
			<version>2.45.0</version>
		</dependency>
		<dependency>
			<groupId>org.seleniumhq.selenium</groupId>
			<artifactId>selenium-chrome-driver</artifactId>
			<version>2.45.0</version>
		</dependency>
		<dependency>
			<groupId>info.cukes</groupId>
			<artifactId>cucumber-picocontainer</artifactId>
			<version>1.2.2</version>
			<scope>test</scope>
		</dependency>
		<dependency>
			<groupId>info.cukes</groupId>
			<artifactId>cucumber-junit</artifactId>
			<version>1.2.2</version>
			<scope>test</scope>
		</dependency>
		<dependency>
			<groupId>net.wimpi</groupId>
			<artifactId>telnetd-x</artifactId>
			<version>2.1.1</version>
		</dependency>
		<dependency>
			<groupId>org.neo4j</groupId>
			<artifactId>neo4j-cypher-compiler-2.1</artifactId>
			<version>2.1.5</version>
		</dependency>
	</dependencies>

	<properties>
		<project.build.sourceEncoding>UTF-8</project.build.sourceEncoding>
		<start-class>pandha.swe.localsharing.Application</start-class>
		<java.version>1.7</java.version>
	</properties>
	<build>
		<plugins>
			<plugin>
				<groupId>org.springframework.boot</groupId>
				<artifactId>spring-boot-maven-plugin</artifactId>
			</plugin>



			<plugin>
				<groupId>org.jacoco</groupId>
				<artifactId>jacoco-maven-plugin</artifactId>
				<version>0.7.4.201502262128</version>
				<executions>
					<execution>
						<id>pre-unit-test</id>
						<goals>
							<goal>prepare-agent</goal>
						</goals>
						<configuration>
							<destFile>${project.build.directory}/coverage-reports/jacoco-ut.exec
							</destFile>
							<propertyName>surefireArgLine</propertyName>
						</configuration>
					</execution>
					<execution>
						<id>post-unit-test</id>
						<phase>test</phase>
						<goals>
							<goal>report</goal>
						</goals>
						<configuration>
							<dataFile>${project.build.directory}/coverage-reports/jacoco-ut.exec
							</dataFile>
							<outputDirectory>${project.reporting.outputDirectory}/jacoco-ut
							</outputDirectory>
						</configuration>
					</execution>
				</executions>
			</plugin>

			<plugin>
				<groupId>org.apache.maven.plugins</groupId>
				<artifactId>maven-surefire-plugin</artifactId>
				<configuration>
					<argLine>${surefireArgLine}</argLine>
					<skipTests>${skip.unit.tests}</skipTests>
					<excludes>
						<exclude>**/IT*.java</exclude>
					</excludes>
				</configuration>
			</plugin>

			<plugin>
				<groupId>org.apache.maven.plugins</groupId>
				<artifactId>maven-failsafe-plugin</artifactId>
				<configuration>
				</configuration>
				<executions>
					<execution>
						<goals>
							<goal>integration-test</goal>
							<goal>verify</goal>
						</goals>
					</execution>
				</executions>
			</plugin>

			<plugin>
				<groupId>org.codehaus.cargo</groupId>
				<artifactId>cargo-maven2-plugin</artifactId>
				<version>1.2.0</version>
				<configuration>
					<container>
						<containerId>tomcat7x</containerId>
						<zipUrlInstaller>
							<url>http://archive.apache.org/dist/tomcat/tomcat-7/v7.0.57/bin/apache-tomcat-7.0.57.zip
							</url>
							<downloadDir>${project.build.directory}/downloads</downloadDir>
							<extractDir>${project.build.directory}/extracts</extractDir>
						</zipUrlInstaller>
					</container>
					<configuration>
						<properties>
							<cargo.servlet.port>8090</cargo.servlet.port>
							<cargo.logging>low</cargo.logging>
							<project.build.sourceEncoding>UTF-8
							</project.build.sourceEncoding>
						</properties>
						<deployables>
							<deployable>
								<properties>
									<context>ROOT</context>
								</properties>
							</deployable>
						</deployables>
					</configuration>
				</configuration>
				<executions>
					<execution>
						<id>start-tomcat</id>
						<phase>pre-integration-test</phase>
						<goals>
							<goal>start</goal>
						</goals>
					</execution>
					<execution>
						<id>stop-tomcat</id>
						<phase>post-integration-test</phase>
						<goals>
							<goal>stop</goal>
						</goals>
					</execution>
				</executions>
			</plugin>



			<plugin>
				<groupId>org.codehaus.mojo</groupId>
				<artifactId>xml-maven-plugin</artifactId>
				<version>1.0-beta-2</version>
				<executions>
					<execution>
						<phase>pre-site</phase>
						<goals>
							<goal>transform</goal>
						</goals>
					</execution>
				</executions>
				<configuration>
					<transformationSets>
						<transformationSet>
							<dir>${project.build.directory}/jmeter-reports</dir>
							<stylesheet>src/test/resources/jmeter-results-detail-report_21.xsl
							</stylesheet>
							<outputDir>${project.build.directory}/site/jmeter-results
							</outputDir>
							<fileMappers>
								<fileMapper
									implementation="org.codehaus.plexus.components.io.filemappers.FileExtensionMapper">
									<targetExtension>html</targetExtension>
								</fileMapper>
							</fileMappers>
						</transformationSet>
					</transformationSets>
				</configuration>
			</plugin>
			<plugin>
				<groupId>com.lazerycode.jmeter</groupId>
				<artifactId>jmeter-maven-plugin</artifactId>
				<version>1.9.0</version>
				<executions>
					<execution>
						<id>jmeter-tests</id>
						<phase>integration-test</phase>
						<goals>
							<goal>jmeter</goal>
						</goals>
					</execution>
				</executions>
				<configuration>

				</configuration>
			</plugin>
			<plugin>
				<groupId>com.lazerycode.jmeter</groupId>
				<artifactId>jmeter-analysis-maven-plugin</artifactId>
				<executions>
					<execution>
						<phase>verify</phase>
						<goals>
							<goal>analyze</goal>
						</goals>
						<configuration>
							<source>${project.build.directory}/**/*.jtl</source>
							<targetDirectory>${project.build.directory}/results
							</targetDirectory>
						</configuration>
					</execution>
				</executions>
			</plugin>
		</plugins>


		<pluginManagement>
			<plugins>
				<!--This plugin's configuration is used to store Eclipse m2e settings 
					only. It has no influence on the Maven build itself. -->
				<plugin>
					<groupId>org.eclipse.m2e</groupId>
					<artifactId>lifecycle-mapping</artifactId>
					<version>1.0.0</version>
					<configuration>
						<lifecycleMappingMetadata>
							<pluginExecutions>
								<pluginExecution>
									<pluginExecutionFilter>
										<groupId>org.jacoco</groupId>
										<artifactId>
											jacoco-maven-plugin
										</artifactId>
										<versionRange>
											[0.7.4.201502262128,)
										</versionRange>
										<goals>
											<goal>prepare-agent</goal>
										</goals>
									</pluginExecutionFilter>
									<action>
										<ignore></ignore>
									</action>
								</pluginExecution>
							</pluginExecutions>
						</lifecycleMappingMetadata>
					</configuration>
				</plugin>


			</plugins>

		</pluginManagement>
	</build>



	<repositories>
		<repository>
			<id>spring-releases</id>
			<name>Spring Releases</name>
			<url>http://repo.spring.io/libs-release</url>
		</repository>
	</repositories>

	<pluginRepositories>
		<pluginRepository>
			<id>spring-releases</id>
			<name>Spring Releases</name>
			<url>http://repo.spring.io/libs-release</url>
		</pluginRepository>
	</pluginRepositories>


</project>
